container_stock_level_id,container_asset_number,container_item_id,container_item_name,content_stock_level_id,content_asset_number,content_serial_number,content_item_id,content_item_name
675,T16 LDM,260,Scanner,417,0501,4267047,155,Audio Monitor
1382,5368901,623,VZ-MC100,1383,2 Bags,,624,VZ-SnapCrane9-100 Ultimate 9' Crane
1154,5368966,498,3I-1209-4B-E,347,3040,A11B558010432,98,A11
876,5368950,371,Peli 1600 Blackmagic RCP Case,291,3048,9702404,57,ATEM Camera Control Panel
1986,LDM9999,789,Green Camera Bag,45,3054,50J230,17,ZSD-300D
877,5368913,372,Black Plastic Case - SMPTE Backends,53,3070,,38,SMPTE BackBox
877,5368913,372,Black Plastic Case - SMPTE Backends,63,3071,,38,SMPTE BackBox
877,5368913,372,Black Plastic Case - SMPTE Backends,54,3073,,38,SMPTE BackBox
1990,5368929,791,Euro Case Red - Misc,40,3085,9529566,7,URSA Broadcast G2
1362,5368959,612,SSD & Timecode 1200 Case,1363,3138,6NR00029030,613,TC-1
1362,5368959,612,SSD & Timecode 1200 Case,1364,3139,6NQ00010211,613,TC-1
1362,5368959,612,SSD & Timecode 1200 Case,1365,3140,6NQ00010211,613,TC-1
1362,5368959,612,SSD & Timecode 1200 Case,1366,3144,2231F7403042,614,1TB Extreme Pro Portable SSD
1362,5368959,612,SSD & Timecode 1200 Case,1367,3145,2231F7402911,614,1TB Extreme Pro Portable SSD
1362,5368959,612,SSD & Timecode 1200 Case,1368,3146,2231F7400133,614,1TB Extreme Pro Portable SSD
1986,LDM9999,789,Green Camera Bag,1987,3169,206071EO,16,HJ14ex4.3B IRSE
1986,LDM9999,789,Green Camera Bag,1988,3170,na,790,RTS PH-1PT HEADSET
1979,5368928,784,Euro case green - Mix Zone,1981,3221,na,785,Mix Zone Peli Case
1955,5368932,775,Core Rack,808,5368892,5368892,335,Commentary Camera Kit
1990,5368929,791,Euro Case Red - Misc,1330,5368911,5368911,589,Steady Cam Kit
1955,5368932,775,Core Rack,862,5368937,,280,RE50
1990,5368929,791,Euro Case Red - Misc,1285,5368951,5368951,562,CDF450 Antenna
1990,5368929,791,Euro Case Red - Misc,1284,5368954,5368954,561,UHF/2-400 Antenna
677,5368908,262,Litepanel Kit,678,536898?,,263,Compact Light Stand
677,5368908,262,Litepanel Kit,680,5368984,,263,Compact Light Stand
677,5368908,262,Litepanel Kit,679,5368986,,263,Compact Light Stand
1955,5368932,775,Core Rack,860,5369014,,280,RE50
1979,5368928,784,Euro case green - Mix Zone,74,5369022,,45,10m SMPTE Cable
1955,5368932,775,Core Rack,858,5369048,,279,MD46
1955,5368932,775,Core Rack,857,5369049,,279,MD46
1990,5368929,791,Euro Case Red - Misc,1873,5369068,na,740,Light Weight UNI COL Stand
1955,5368932,775,Core Rack,1870,5369070,NSA,279,MD46
1990,5368929,791,Euro Case Red - Misc,1872,5369072,na,740,Light Weight UNI COL Stand
1955,5368932,775,Core Rack,1967,5369074,,279,MD46
1955,5368932,775,Core Rack,1540,6031,K0360627,697,OG-FIDO-2R
1955,5368932,775,Core Rack,1542,6033,K0360628,697,OG-FIDO-2R
1977,5368930,783,Euro Case Black - Comms,1677,6036,n/a,710,HD 25
1977,5368930,783,Euro Case Black - Comms,1678,6037,N/A,710,HD 25
1977,5368930,783,Euro Case Black - Comms,1679,6038,N/A,710,HD 25
1977,5368930,783,Euro Case Black - Comms,1681,6040,N/A,710,HD 25
1977,5368930,783,Euro Case Black - Comms,1682,6041,N/A,710,HD 25
1955,5368932,775,Core Rack,1864,6044,RA3E-C913A2,738,Room Alert 3E
1977,5368930,783,Euro Case Black - Comms,1680,6045,N/A,710,HD 25
1977,5368930,783,Euro Case Black - Comms,1875,6046,na,710,HD 25
1977,5368930,783,Euro Case Black - Comms,1358,6047,na,157,HD 25 Light
1055,5368921,455,Studio Flight Case (16U),1059,61038,219A124000400,276,T1500G-10ps
1938,5369050,769,Rugby Rack,411,61060,BEXL01031,150,Tio608-D
1478,5368925,671,T16 Rack,1481,63029,2966917,673,Opengear Sync Generator
1478,5368925,671,T16 Rack,1483,63030,OBA01664,544,MC-DMON-QUAD
1938,5369050,769,Rugby Rack,1238,63032,OAA01170,538,MC-DMON-9S
1938,5369050,769,Rugby Rack,1316,63034,1177807,542,openGear UpDownCross
1938,5369050,769,Rugby Rack,1939,63035,1245491,770,Opengear Converter
1938,5369050,769,Rugby Rack,1940,63036,2035679,771,Opengear Converter Optical Fiber
1938,5369050,769,Rugby Rack,1242,63037,433005,540,openGear Converter Fiber to SDI
1938,5369050,769,Rugby Rack,1541,63038,431326,540,openGear Converter Fiber to SDI
1938,5369050,769,Rugby Rack,1536,63039,2998017,540,openGear Converter Fiber to SDI
1938,5369050,769,Rugby Rack,1241,63040,431331,540,openGear Converter Fiber to SDI
1955,5368932,775,Core Rack,1549,63041,1D001618,695,OG-DANTE-12GAM
1955,5368932,775,Core Rack,1862,63042,1D001455,695,OG-DANTE-12GAM
1955,5368932,775,Core Rack,1531,63043,1D000960,695,OG-DANTE-12GAM
1955,5368932,775,Core Rack,1530,63044,1D000991,695,OG-DANTE-12GAM
1955,5368932,775,Core Rack,1863,63045,K0360624,697,OG-FIDO-2R
1955,5368932,775,Core Rack,1245,63046,K0650937,541,OG-FIDO-2T
1955,5368932,775,Core Rack,1543,63047,K0352851,541,OG-FIDO-2T
1955,5368932,775,Core Rack,1964,63048,K0659363,779,OG-FIDO-TR-12G
1955,5368932,775,Core Rack,1538,63049,414425,540,openGear Converter Fiber to SDI
1955,5368932,775,Core Rack,1539,63050,K0360625,697,OG-FIDO-2R
1955,5368932,775,Core Rack,1244,63051,K0650936,541,OG-FIDO-2T
1955,5368932,775,Core Rack,1243,63052,K0650939,541,OG-FIDO-2T
1955,5368932,775,Core Rack,1537,63054,2035550,540,openGear Converter Fiber to SDI
653,5368946,251,V-lok Kit 2,662,790,,253,VL-4X4 Charger
653,5368946,251,V-lok Kit 2,654,791,,252,VL90HP
653,5368946,251,V-lok Kit 2,655,792,,252,VL90HP
653,5368946,251,V-lok Kit 2,656,793,,252,VL90HP
653,5368946,251,V-lok Kit 2,657,794,,252,VL90HP
653,5368946,251,V-lok Kit 2,658,795,,252,VL90HP
653,5368946,251,V-lok Kit 2,659,796,,252,VL90HP
653,5368946,251,V-lok Kit 2,660,797,,252,VL90HP
653,5368946,251,V-lok Kit 2,661,798,,252,VL90HP
1164,5368988,503,Pres Monitor Kit Bag,1162,LDM0499,N/A,401,3G SDI to HDMI Audio Converter
1055,5368921,455,Studio Flight Case (16U),1054,LDM0512,BEXL01028,350,Tio 1608-D
774,5368835,312,Audio Rack (12u),274,LDM0736,11000207,123,SKM 300 G4
774,5368835,312,Audio Rack (12u),275,LDM0737,1110002072,123,SKM 300 G4
774,5368835,312,Audio Rack (12u),276,LDM0738,1110002084,123,SKM 300 G4
774,5368835,312,Audio Rack (12u),277,LDM0739,1170002148,123,SKM 300 G4
665,5368947,255,V-lok Kit 3,666,LDM0780,,256,VL-MX4
665,5368947,255,V-lok Kit 3,423,LDM0781,,158,VL-175H
665,5368947,255,V-lok Kit 3,424,LDM0782,,158,VL-175H
665,5368947,255,V-lok Kit 3,425,LDM0783,,158,VL-175H
665,5368947,255,V-lok Kit 3,426,LDM0784,,158,VL-175H
665,5368947,255,V-lok Kit 3,427,LDM0785,,158,VL-175H
665,5368947,255,V-lok Kit 3,428,LDM0786,,158,VL-175H
665,5368947,255,V-lok Kit 3,429,LDM0787,,158,VL-175H
653,5368946,251,V-lok Kit 2,430,LDM0789,,159,VL-2X2C
909,5368996,385,Soft Mixer Case,338,LDM1002,133E0374,90,DT-V17L3R
278,5368852,125,4+2 Radio Mic/IEM Stagebox (4U),261,LDM1004,P0949690,119,ASA 214-UHF
1478,5368925,671,T16 Rack,392,LDM1006,,141,YellowBrik SPG-1707
1157,5368895,389,Flat Screen Storage Bag,320,LDM1008,CN0CW6Y77426165J0AFUA00,78,P2417HB
675,T16 LDM,260,Scanner,405,LDM1014,3654479,63,SmartScope Duo 4K
1055,5368921,455,Studio Flight Case (16U),1057,LDM1015,8010AP71041577,456,8010A Studio Monitor Speaker
774,5368835,312,Audio Rack (12u),262,LDM1018,1180003550,120,EK IEM G4
774,5368835,312,Audio Rack (12u),265,LDM1021,1140003531,120,EK IEM G4
1055,5368921,455,Studio Flight Case (16U),352,LDM1022,,101,Yellobrik OTT 1842
1055,5368921,455,Studio Flight Case (16U),351,LDM1024,,100,Yellobrik ORR 1802
1055,5368921,455,Studio Flight Case (16U),353,LDM1025,,101,Yellobrik OTT 1842
1938,5369050,769,Rugby Rack,379,LDM1029,1870727,130,US 4x4
774,5368835,312,Audio Rack (12u),266,LDM1036,11300006850,121,EM 300-500 G4
774,5368835,312,Audio Rack (12u),380,LDM1037,1130002103,131,SR IEM G4
774,5368835,312,Audio Rack (12u),267,LDM1039,1130006844,121,EM 300-500 G4
774,5368835,312,Audio Rack (12u),268,LDM1040,1280007039,121,EM 300-500 G4
774,5368835,312,Audio Rack (12u),269,LDM1041,1130006845,121,EM 300-500 G4
851,T16 TSV,365,Tender,1733,LDM1054,B4502056,719,Nexedge NX-220
851,T16 TSV,365,Tender,1730,LDM1055,B4600524,719,Nexedge NX-220
851,T16 TSV,365,Tender,1726,LDM1058,B4601673,719,Nexedge NX-220
851,T16 TSV,365,Tender,1727,LDM1059,B4502058,719,Nexedge NX-220
851,T16 TSV,365,Tender,1731,LDM1061,B4502059,719,Nexedge NX-220
851,T16 TSV,365,Tender,1721,LDM1063,B4600521,719,Nexedge NX-220
1896,5368931,746,Rack Sleeve,548,LDM1069,,215,Smart Videohub 16x16
851,T16 TSV,365,Tender,1723,LDM1073,B4601668,719,Nexedge NX-220
851,T16 TSV,365,Tender,1725,LDM1075,B4600474,719,Nexedge NX-220
851,T16 TSV,365,Tender,1724,LDM1076,B4601676,719,Nexedge NX-220
851,T16 TSV,365,Tender,1732,LDM1080,B4601674,719,Nexedge NX-220
851,T16 TSV,365,Tender,1722,LDM1081,B4502060,719,Nexedge NX-220
851,T16 TSV,365,Tender,1729,LDM1083,B4600473,719,Nexedge NX-220
1977,5368930,783,Euro Case Black - Comms,252,LDM1084,108NTQDCM724,91,22MK400H
851,T16 TSV,365,Tender,1728,LDM1086,B4600470,719,Nexedge NX-220
1977,5368930,783,Euro Case Black - Comms,253,LDM1087,108NTXRCN026,91,22MK400H
1977,5368930,783,Euro Case Black - Comms,254,LDM1088,108NTMXCN427,91,22MK400H
1977,5368930,783,Euro Case Black - Comms,255,LDM1089,108NTNHCN191,91,22MK400H
1977,5368930,783,Euro Case Black - Comms,256,LDM1090,108NTLECM776,91,22MK400H
1977,5368930,783,Euro Case Black - Comms,257,LDM1091,108NTUWCN814,91,22MK400H
783,5368916,318,CCU Rack (12u),297,LDM1092,3641483,60,GPI and Tally Interface
1403,5368905,637,Calrec Flightcase,312,LDM1093,234140,72,Brio 36
1955,5368932,775,Core Rack,289,LDM1095,9252345,56,Constellation 8K
1938,5369050,769,Rugby Rack,281,LDM1096,TL0126070,128,DIO10
1938,5369050,769,Rugby Rack,282,LDM1097,TL0126071,128,DIO10
1957,5368927,776,Euro case Blue - Cabin,1397,LDM1101,8010AP71041608,456,8010A Studio Monitor Speaker
1979,5368928,784,Euro case green - Mix Zone,1450,LDM1104,PVM21SA94833002,655,PVM215A
1977,5368930,783,Euro Case Black - Comms,259,LDM1107,110NTTQCC137,91,22MK400H
1955,5368932,775,Core Rack,454,LDM1110,30091664022,172,Opengear 3.0
1216,5368948,513,Briefcase,1213,LDM1112,095wn2q0229,530,LVM-095W-N2
1955,5368932,775,Core Rack,413,LDM1115,1RT501406,152,Kumo 6464
1938,5369050,769,Rugby Rack,450,LDM1132,TL0138732,168,DIO20
1955,5368932,775,Core Rack,451,LDM1133N,7618660062,169,5601MSC
1938,5369050,769,Rugby Rack,460,LDM1141,3AP4685000BA9,177,Prosafe GS728TP
1955,5368932,775,Core Rack,462,LDM1143,2125G,179,Pro 48 PoE
1955,5368932,775,Core Rack,702,LDM1145,2246G,137,USW Aggregation
1955,5368932,775,Core Rack,465,LDM1146,2247V,182,UDM-SE
1955,5368932,775,Core Rack,467,LDM1148,5019334,183,MDU12-16A
1955,5368932,775,Core Rack,469,LDM1150,5021956,183,MDU12-16A
1948,NEW V16 LDM,774,V16 LDM,474,LDM1155,3000230,186,PVM 2541A
1948,NEW V16 LDM,774,V16 LDM,475,LDM1156,7001725,186,PVM 2541A
1957,5368927,776,Euro case Blue - Cabin,476,LDM1157,QEFM3HA001154,185,LCD G2460PF
1957,5368927,776,Euro case Blue - Cabin,479,LDM1160,QEFM3HA002921,185,LCD G2460PF
1955,5368932,775,Core Rack,480,LDM1161,2020G,188,Switch 16
1955,5368932,775,Core Rack,484,LDM1164,045895837816283013,190,KP5032
675,T16 LDM,260,Scanner,483,LDM1165,045895837816281008,161,KP4016
1955,5368932,775,Core Rack,487,LDM1166,83001,193,MPA1-SOLO-SDI
1948,NEW V16 LDM,774,V16 LDM,491,LDM1170,045895837830281003,161,KP4016
1948,NEW V16 LDM,774,V16 LDM,492,LDM1171,045895837816281011,161,KP4016
1957,5368927,776,Euro case Blue - Cabin,496,LDM1175,8924350,196,Micro Converter SDI to HDMI 3G PSU
1133,5368830,389,Flat Screen Storage Bag,499,LDM1178,16740143,197,DT-V24G1
675,T16 LDM,260,Scanner,500,LDM1179,08840282,197,DT-V24G1
1955,5368932,775,Core Rack,1535,LDM1207,30111231050,172,Opengear 3.0
1955,5368932,775,Core Rack,1544,LDM1208,A9IJA43610JNV2,698,Streamdeck Studio
1955,5368932,775,Core Rack,1639,LDM1213,2331,703,AT8022
1955,5368932,775,Core Rack,1659,LDM1218,A9IJA43610CYGG,698,Streamdeck Studio
1977,5368930,783,Euro Case Black - Comms,1687,LDM1219,N/A,711,HX-P21 (USB Power Hub)
1977,5368930,783,Euro Case Black - Comms,1688,LDM1220,N/A,711,HX-P21 (USB Power Hub)
1955,5368932,775,Core Rack,1674,LDM1221,4500010200576,709,XLR-Patch 8 Port CAT5/XLR
1977,5368930,783,Euro Case Black - Comms,1691,LDM1222,N/A,712,Power Port 6
1955,5368932,775,Core Rack,1876,LDM1224,8300294,196,Micro Converter SDI to HDMI 3G PSU
1955,5368932,775,Core Rack,1968,LDM1228,S250504674CH4,716,Behringer P2
1979,5368928,784,Euro case green - Mix Zone,1982,LDM1229,S250504672CH4,716,Behringer P2
1955,5368932,775,Core Rack,1907,LDM1238,6C63F8i8q105 HNr,138,USW Pro 24 PoE
1957,5368927,776,Euro case Blue - Cabin,1400,LDM1240,8010AP71127902,456,8010A Studio Monitor Speaker
1955,5368932,775,Core Rack,1877,LDM1241,404797R184121,742,GV SHED-BS
1977,5368930,783,Euro Case Black - Comms,1835,LDM1243,1B2427E02257,730,Back-UPS CP12036LI
1957,5368927,776,Euro case Blue - Cabin,1399,LDM1245,8010AP71127057,456,8010A Studio Monitor Speaker
1955,5368932,775,Core Rack,1828,LDM1246,13010197,231,Audio Monitor 12G G3
1896,5368931,746,Rack Sleeve,1926,LDM1262,2FF004255,760,AJA FS4 R0
1938,5369050,769,Rugby Rack,1933,LDM1269,726920X1,766,Solid state logic madi bridge
1938,5369050,769,Rugby Rack,1934,LDM1270,713870048,169,5601MSC
1938,5369050,769,Rugby Rack,1937,LDM1271,AU-X21-DAB1312220648,768,Dante Tight
675,T16 LDM,260,Scanner,1946,LDM1277,11626,773,CTP systems DEMU10m
1979,5368928,784,Euro case green - Mix Zone,1869,LDM1282,S240712710CH4,716,Behringer P2
1938,5369050,769,Rugby Rack,1866,LDM1285,DIOAES3-AU-8FC5C,296,ADP-AES3-AU-2x2
1896,5368931,746,Rack Sleeve,1867,LDM1286,847272,739,NA-2I2O-DLINE-PRO
1979,5368928,784,Euro case green - Mix Zone,1868,LDM1287,S240705518CH4,716,Behringer P2
1979,5368928,784,Euro case green - Mix Zone,1710,LDM1288,S190900838CH4,716,Behringer P2
1955,5368932,775,Core Rack,1712,LDM1290,S190900833CH4,716,Behringer P2
1990,5368929,791,Euro Case Red - Misc,1735,LDM1292,1300,720,Multiple Charger
1938,5369050,769,Rugby Rack,1865,LDM1299,DIOAES3-AU-8FC55,296,ADP-AES3-AU-2x2
851,T16 TSV,365,Tender,1708,LDM1303,108465,714,Quest Grill
851,T16 TSV,365,Tender,1709,LDM1304,19320FD,715,Kettle
851,T16 TSV,365,Tender,1734,LDM1305,1276,720,Multiple Charger
1478,5368925,671,T16 Rack,1480,LDM1316,50220509234,173,Opengear OG-X-FR
1478,5368925,671,T16 Rack,1479,LDM1317,,672,KVM Switch 4 Port
1478,5368925,671,T16 Rack,1477,LDM1318,,414,MC220L Gigabit Ethernet Media Converter
851,T16 TSV,365,Tender,1443,LDM1319,3781485,194,Teranex AV
1478,5368925,671,T16 Rack,1476,LDM1320,,670,TL-SG1005LP
1478,5368925,671,T16 Rack,1475,LDM1321,,276,T1500G-10ps
1938,5369050,769,Rugby Rack,1473,LDM1323,2118K,668,UDM Pro
779,5368813,316,QL1 Flight Case,1471,LDM1325,EAZH01059,667,QL1
1478,5368925,671,T16 Rack,1472,LDM1326,,518,PDU
1955,5368932,775,Core Rack,1460,LDM1327,,657,CMN91
1896,5368931,746,Rack Sleeve,1459,LDM1328,9C05D651B,656,USW Pro 8 PoE
851,T16 TSV,365,Tender,1444,LDM1340,00366,261,Divine
851,T16 TSV,365,Tender,1442,LDM1344,ALC161-16685-P,288,ALC 161
851,T16 TSV,365,Tender,1439,LDM1345,,651,Lite POE 8
851,T16 TSV,365,Tender,1438,LDM1346,,650,TL-SG1008P
851,T16 TSV,365,Tender,1437,LDM1347,,649,LPS II - 2000
675,T16 LDM,260,Scanner,1436,LDM1348,8020B PM7016927,636,8020D Studio Monitor Speaker
675,T16 LDM,260,Scanner,1435,LDM1349,To follow,648,USW 24 POE
675,T16 LDM,260,Scanner,1434,LDM1350,AS1928153806,647,Smart UPS X3000
675,T16 LDM,260,Scanner,1431,LDM1351,3AP4685B00938,177,Prosafe GS728TP
675,T16 LDM,260,Scanner,1432,LDM1352,3AP4685D0092C,177,Prosafe GS728TP
675,T16 LDM,260,Scanner,1428,LDM1354,308MAZVAEM13,644,27MP400P
675,T16 LDM,260,Scanner,1429,LDM1355,1RT403322,645,Kumo 3232
675,T16 LDM,260,Scanner,1430,LDM1356,8552,465,1U Rack PC
675,T16 LDM,260,Scanner,1421,LDM1357,809NTUW9F702,91,22MK400H
675,T16 LDM,260,Scanner,1418,LDM1359,904NTYTCA418,91,22MK400H
675,T16 LDM,260,Scanner,1426,LDM1360,XV175M0214,187,XVM-175W
675,T16 LDM,260,Scanner,1425,LDM1361,404NDQA1N348,642,22MP65HQ-P
675,T16 LDM,260,Scanner,1427,LDM1362,,643,Mini PC
675,T16 LDM,260,Scanner,1422,LDM1363,TK13TA40632178,97,TK13
675,T16 LDM,260,Scanner,1423,LDM1364,8020A PM7070231,636,8020D Studio Monitor Speaker
675,T16 LDM,260,Scanner,1424,LDM1365,4289697,64,Smartview Duo
675,T16 LDM,260,Scanner,1420,LDM1366,901520,332,Brick Speaker
675,T16 LDM,260,Scanner,1417,LDM1367,3978116,641,Hyperdeck Studio 12G
675,T16 LDM,260,Scanner,1415,LDM1368,8020A PM7070230,636,8020D Studio Monitor Speaker
675,T16 LDM,260,Scanner,1416,LDM1369,8020B PM7020399,636,8020D Studio Monitor Speaker
675,T16 LDM,260,Scanner,1411,LDM1371,006NTZNED901,361,32ML600M
675,T16 LDM,260,Scanner,1409,LDM1373,006NTCZED875,361,32ML600M
1948,NEW V16 LDM,774,V16 LDM,1402,LDM1379,8020DRwM71174202,636,8020D Studio Monitor Speaker
1948,NEW V16 LDM,774,V16 LDM,1401,LDM1380,8020DRwM71174209,636,8020D Studio Monitor Speaker
1957,5368927,776,Euro case Blue - Cabin,1398,LDM1381,8010AP71078696,456,8010A Studio Monitor Speaker
1957,5368927,776,Euro case Blue - Cabin,1391,LDM1387,10940800,632,DT-E21L4
1896,5368931,746,Rack Sleeve,1388,LDM1389,B512527,629,CoolRac
1955,5368932,775,Core Rack,1344,LDM1395,DIOAES3-AU-529DC7,602,2CH AES3 I/O Adapter
1938,5369050,769,Rugby Rack,1315,LDM1406,N/A,581,Opengear DFR 8321
1955,5368932,775,Core Rack,1303,LDM1413,S2RFNX0K104929F,572,850 EVO 1TB SSD
1955,5368932,775,Core Rack,1302,LDM1416,S2RFNX0K105099B,572,850 EVO 1TB SSD
1279,5368850,482,2U Studio Flyer,1271,LDM1421,BLII9030,73,BRIC-Link II
1279,5368850,482,2U Studio Flyer,1278,LDM1422,5CD02112R1,557,HP Pavilion Laptop
1207,5368967,524,Mini Camera Kit,1206,LDM1439,D7106632,441,Mini Camera
1207,5368967,524,Mini Camera Kit,1205,LDM1440,D7106636,441,Mini Camera
1256,5368893,548,Single Large LCD Case,1257,LDM1453,012NTWG1J329,361,32ML600M
1216,5368948,513,Briefcase,1214,LDM1456,VA5406,531,VL-M150
1174,5368903,507,Radio Mic Antenna Kit B,1176,LDM1466,AD2806,509,Diversity Fin
1174,5368903,507,Radio Mic Antenna Kit B,1175,LDM1467,N/A,504,SNA-600
1955,5368932,775,Core Rack,1187,LDM1468,1941G7483C2C900C40-OJMP7E,273,AC Mesh Antenna
1955,5368932,775,Core Rack,1189,LDM1469,2327VD8B370A0CCD4-6FU3M,273,AC Mesh Antenna
1955,5368932,775,Core Rack,1191,LDM1470,2327VD8B370A0CE7E-M2QK4C,273,AC Mesh Antenna
1173,5368891,498,3I-1209-4B-E,1172,LDM1474,9354201,505,Blackmagic Atem Mini Pro
1171,5368822,506,Radio Mic Antenna Kit C,1170,LDM1476,N/A,290,A 2003 UHF
1171,5368822,506,Radio Mic Antenna Kit C,1169,LDM1477,N/A,290,A 2003 UHF
279,5368801,126,Radio Mic Antenna Kit A,1167,LDM1478,N/A,504,SNA-600
1155,5368849,389,Flat Screen Storage Bag,1156,LDM1479,151471300377,499,PL2738M
1957,5368927,776,Euro case Blue - Cabin,1092,LDM1504,1403183,331,SmartView HD
1055,5368921,455,Studio Flight Case (16U),1065,LDM1529,,457,Antenna Splitter ASA 1
1055,5368921,455,Studio Flight Case (16U),1064,LDM1530,5042003402,131,SR IEM G4
1055,5368921,455,Studio Flight Case (16U),1061,LDM1531,1061156178,355,EM 300 G3
1055,5368921,455,Studio Flight Case (16U),1062,LDM1532,1061156421,355,EM 300 G3
1055,5368921,455,Studio Flight Case (16U),1063,LDM1533,1061156179,355,EM 300 G3
1055,5368921,455,Studio Flight Case (16U),1060,LDM1534,1061156180,355,EM 300 G3
1055,5368921,455,Studio Flight Case (16U),1058,LDM1536,1903317,64,Smartview Duo
1055,5368921,455,Studio Flight Case (16U),1056,LDM1539,,386,Mini Converter SDI Distribution 4k
1896,5368931,746,Rack Sleeve,1046,LDM1544,K0424206,452,FiDO-TR
1896,5368931,746,Rack Sleeve,1047,LDM1545,K0424208,452,FiDO-TR
1957,5368927,776,Euro case Blue - Cabin,1148,LDM1558,MDU14U0317,496,MDU 16AMP - 14 IEC OUTPUT
1957,5368927,776,Euro case Blue - Cabin,1149,LDM1559,MDU14U0041,496,MDU 16AMP - 14 IEC OUTPUT
1153,5368890,498,3I-1209-4B-E,1150,LDM1560,3729063,497,Blackmagic Web Presenter HD
1938,5369050,769,Rugby Rack,1146,LDM1562,MDU14U0053,496,MDU 16AMP - 14 IEC OUTPUT
1938,5369050,769,Rugby Rack,1147,LDM1563,MDU14U0101,496,MDU 16AMP - 14 IEC OUTPUT
1957,5368927,776,Euro case Blue - Cabin,1143,LDM1566,MDU14U0086,496,MDU 16AMP - 14 IEC OUTPUT
1938,5369050,769,Rugby Rack,1126,LDM1567,4154630002,491,Evertz Xenon - xe4-x-fr
1000,5368963,333,Nanuk 905 Box,1002,LDM1603,AN1906170010001,432,AN-DV-XLR-SM20
1000,5368963,333,Nanuk 905 Box,1001,LDM1604,AN1907190010002,432,AN-DV-XLR-SM20
1896,5368931,746,Rack Sleeve,984,LDM1612,G2111185074000118,420,UMC-GA1F1T
1977,5368930,783,Euro Case Black - Comms,962,LDM1629,9474611,413,Micro Conveter HDMI to SDI 3G
1896,5368931,746,Rack Sleeve,952,LDM1636,9275331,59,Mini Converter Optical Fiber 12G
1961,5368926,777,"43"" Screen Flightcase",931,LDM1648,5561395,397,Micro Converter SDI to HDMI (Not 3G)
1977,5368930,783,Euro Case Black - Comms,932,LDM1649,3076141,397,Micro Converter SDI to HDMI (Not 3G)
1977,5368930,783,Euro Case Black - Comms,929,LDM1651,8923976,196,Micro Converter SDI to HDMI 3G PSU
1977,5368930,783,Euro Case Black - Comms,926,LDM1654,8850948,196,Micro Converter SDI to HDMI 3G PSU
1955,5368932,775,Core Rack,927,LDM1655,9686039,196,Micro Converter SDI to HDMI 3G PSU
1977,5368930,783,Euro Case Black - Comms,928,LDM1656,8759986,196,Micro Converter SDI to HDMI 3G PSU
1961,5368926,777,"43"" Screen Flightcase",924,LDM1658,Missing,196,Micro Converter SDI to HDMI 3G PSU
1977,5368930,783,Euro Case Black - Comms,925,LDM1659,Missing,196,Micro Converter SDI to HDMI 3G PSU
76,5368906,47,Gantry FX Mic Kit,878,LDM1684,LDM1684,373,em9600 Kit
651,5368859,250,Lightshow Case,884,LDM1685,N/A,377,U-Phoria UMC202HD
651,5368859,250,Lightshow Case,885,LDM1686,02231,378,Yellobrik CHD 1812
76,5368906,47,Gantry FX Mic Kit,881,LDM1687,LDM1687,373,em9600 Kit
76,5368906,47,Gantry FX Mic Kit,879,LDM1688,LDM1688,373,em9600 Kit
76,5368906,47,Gantry FX Mic Kit,880,LDM1689,LDM1689,373,em9600 Kit
846,5368953,358,8u Stagebox,848,LDM1690,VFB04334,363,Dmon-6S
846,5368953,358,8u Stagebox,849,LDM1691,,105,Medialooks Server
846,5368953,358,8u Stagebox,850,LDM1692,20313130800-5XZ-02,364,RP-F617-SDI
843,5368994,360,Monitor Flight Case,844,LDM1693,012NTJJ1J332,361,32ML600M
843,5368994,360,Monitor Flight Case,845,LDM1694,012NTXA1J330,361,32ML600M
846,5368953,358,8u Stagebox,847,LDM1695,1925-F234-17AA,362,Balance 310X
278,5368852,125,4+2 Radio Mic/IEM Stagebox (4U),839,LDM1696,N/A,289,TL-SG 108
1955,5368932,775,Core Rack,842,LDM1698,8CC2461P4G,359,Pro Mini 400 G9
278,5368852,125,4+2 Radio Mic/IEM Stagebox (4U),836,LDM1699,1147386719,355,EM 300 G3
278,5368852,125,4+2 Radio Mic/IEM Stagebox (4U),837,LDM1700,1304381507,355,EM 300 G3
278,5368852,125,4+2 Radio Mic/IEM Stagebox (4U),838,LDM1701,4050001728,356,SR 300 IEM
1896,5368931,746,Rack Sleeve,832,LDM1702,140802,113,RTB6211D
278,5368852,125,4+2 Radio Mic/IEM Stagebox (4U),834,LDM1703,1304381510,355,EM 300 G3
278,5368852,125,4+2 Radio Mic/IEM Stagebox (4U),835,LDM1704,1394381821,355,EM 300 G3
827,5368985,351,Dante RTB Stagebox (2u),828,LDM1705,140803,113,RTB6211D
827,5368985,351,Dante RTB Stagebox (2u),829,LDM1706,0005885,352,DIO 2x2
1896,5368931,746,Rack Sleeve,831,LDM1707,140801,113,RTB6211D
823,5368981,349,Audio Stagebox (3u),824,LDM1708,BEAN01028,350,Tio 1608-D
823,5368981,349,Audio Stagebox (3u),825,LDM1709,2189561001177,276,T1500G-10ps
823,5368981,349,Audio Stagebox (3u),826,LDM1710,218C768001049,276,T1500G-10ps
817,5368877,344,1200 Case (Yellow),816,LDM1712,0107516,343,NTG1
822,5368961,348,4u Stagebox,821,LDM1713,,105,Medialooks Server
808,5368892,335,Commentary Camera Kit,812,LDM1714,K0512023,339,HA5-Fiber
808,5368892,335,Commentary Camera Kit,813,LDM1715,446327,340,PTZ Wiz
814,5368882,341,Pitch Mic Peli Case,329,LDM1716,272,84,DARK8MAI MKII
806,5368965,333,Nanuk 905 Box,805,LDM1717,892900,332,Brick Speaker
808,5368892,335,Commentary Camera Kit,809,LDM1718,G9TQJ0021,336,AW-HE38HWEJ
808,5368892,335,Commentary Camera Kit,810,LDM1719,AA405021B02701,337,PMC-1F1T
803,5368990,330,Commentary Case,804,LDM1722,1403182,331,SmartView HD
783,5368916,318,CCU Rack (12u),794,LDM1723,2171157005519,219,TL-SG1016
783,5368916,318,CCU Rack (12u),791,LDM1726,087302-R50484237,325,HDA-1911
783,5368916,318,CCU Rack (12u),792,LDM1727,087302-R50484335,325,HDA-1911
783,5368916,318,CCU Rack (12u),793,LDM1728,045220R140536020,326,VDA-1002
783,5368916,318,CCU Rack (12u),776,LDM1729,062218,166,Redbox RB-DA6
783,5368916,318,CCU Rack (12u),781,LDM1730,10304120X22NXS00010642,314,MZD-88
783,5368916,318,CCU Rack (12u),788,LDM1731,096999-R70351015,322,Densite 3+ FR1
773,5368802,311,ATEM 1 M/E Broadcast Panel Flight Case,772,LDM1733,3672723,310,ATEM 1 M/E Broadcast Panel
783,5368916,318,CCU Rack (12u),775,LDM1734,3266875,60,GPI and Tally Interface
770,5368863,308,5u Flight Case (Br.IO),767,LDM 1737,235136,305,Br.IO
1955,5368932,775,Core Rack,755,LDM1742,TL0117549,128,DIO10
1896,5368931,746,Rack Sleeve,749,LDM1744,923622,294,EMO E617 Power Distribution
1955,5368932,775,Core Rack,752,LDM1746,DIOAES3-AU-53E570,296,ADP-AES3-AU-2x2
774,5368835,312,Audio Rack (12u),743,LDM1750,N/A,290,A 2003 UHF
774,5368835,312,Audio Rack (12u),744,LDM1751,N/A,290,A 2003 UHF
774,5368835,312,Audio Rack (12u),745,LDM1752,N/A,291,A 1031-U
774,5368835,312,Audio Rack (12u),740,LDM1753,P0949330,119,ASA 214-UHF
774,5368835,312,Audio Rack (12u),741,LDM1754,ALC161-16683-P,288,ALC 161
774,5368835,312,Audio Rack (12u),742,LDM1755,N/A,289,TL-SG 108
280,5368800,127,Radio Mic & IEM Kit A,737,LDM1756,1285310295,285,SKM 100 G3
280,5368800,127,Radio Mic & IEM Kit A,738,LDM1757,1498000273,286,SKM 100 G4
771,5368819,309,Radio Mic & IEM Kit B,734,LDM1759,1101146604,284,SKM 300 G3
771,5368819,309,Radio Mic & IEM Kit B,735,LDM1760,1061141976,284,SKM 300 G3
771,5368819,309,Radio Mic & IEM Kit B,736,LDM1761,1061142004,284,SKM 300 G3
280,5368800,127,Radio Mic & IEM Kit A,731,LDM1762,1071142340,284,SKM 300 G3
280,5368800,127,Radio Mic & IEM Kit A,732,LDM1763,1334289657,284,SKM 300 G3
771,5368819,309,Radio Mic & IEM Kit B,733,LDM1764,1061141986,284,SKM 300 G3
280,5368800,127,Radio Mic & IEM Kit A,722,LDM1765,5042006090,120,EK IEM G4
774,5368835,312,Audio Rack (12u),729,LDM1766,5042006040,120,EK IEM G4
280,5368800,127,Radio Mic & IEM Kit A,730,LDM1767,1197275477,283,EW300 IEM G3
771,5368819,309,Radio Mic & IEM Kit B,723,LDM1768,5351005244,120,EK IEM G4
771,5368819,309,Radio Mic & IEM Kit B,724,LDM1769,5351005242,120,EK IEM G4
771,5368819,309,Radio Mic & IEM Kit B,725,LDM1770,5042006097,120,EK IEM G4
280,5368800,127,Radio Mic & IEM Kit A,726,LDM1771,5042006098,120,EK IEM G4
774,5368835,312,Audio Rack (12u),727,LDM1772,1429002558,120,EK IEM G4
280,5368800,127,Radio Mic & IEM Kit A,728,LDM1773,1429002557,120,EK IEM G4
1955,5368932,775,Core Rack,649,LDM1784,835437,249,NA2-IO-DPRO
1938,5369050,769,Rugby Rack,554,LDM1813,1645GF,220,US-48-750W
1955,5368932,775,Core Rack,538,LDM1825,4686965,67,HyperDeck Studio Pro 2
1948,NEW V16 LDM,774,V16 LDM,537,LDM1830,13065,207,PM302
651,5368859,250,Lightshow Case,526,LDM1837,072370,166,Redbox RB-DA6
1955,5368932,775,Core Rack,437,LDM1864,045340637903161007,162,ODIN
675,T16 LDM,260,Scanner,434,LDM1867,045895837816281010,161,KP4016
1955,5368932,775,Core Rack,435,LDM1868,045895837827281001,161,KP4016
1955,5368932,775,Core Rack,436,LDM1869,045895837816281003,161,KP4016
675,T16 LDM,260,Scanner,432,LDM1871,045895837816281030,161,KP4016
675,T16 LDM,260,Scanner,433,LDM1872,045895837830281005,161,KP4016
1938,5369050,769,Rugby Rack,481,LDM1874,,56,Constellation 8K
1979,5368928,784,Euro case green - Mix Zone,1983,LDM1882,,786,Sure Fist Mic
1986,LDM9999,789,Green Camera Bag,1984,LDM1883,13734,787,HDC 3100 Camera
1986,LDM9999,789,Green Camera Bag,1985,LDM 1884,119763,788,RCP 3500
1955,5368932,775,Core Rack,1969,LDM1885,S181001223C32,780,TC Electronic Level Pilot X Volume Controller
1977,5368930,783,Euro Case Black - Comms,1970,LDM1886,42972,781,CDWM Mux Demux
1955,5368932,775,Core Rack,1974,LDM1887,G2410285803000855,781,CDWM Mux Demux
1955,5368932,775,Core Rack,1965,LDM1889,DIOAES3-AU-01FBDF,296,ADP-AES3-AU-2x2
1955,5368932,775,Core Rack,1966,LDM1890,DIOAES3-AU-01FBE4,296,ADP-AES3-AU-2x2
1955,5368932,775,Core Rack,1963,LDM1893,16243,778,HDCU - 3100
677,5368908,262,Litepanel Kit,348,LDM1896,LP-031-082522FS025,99,Astra 6X
677,5368908,262,Litepanel Kit,349,LDM1897,LP-031-082522FS041,99,Astra 6X
1977,5368930,783,Euro Case Black - Comms,350,LDM1898,LP-031-082522FS030,99,Astra 6X
1977,5368930,783,Euro Case Black - Comms,753,LDM1899,CPC02296,297,MD-Cross V2
883,5368860,375,CCU Flight Case,285,LDM1900,9809859,52,Studio Fiber Converter
682,5368975,265,V-lok Kit 1,324,LDM1903,,81,Nano 4-CH Charger
682,5368975,265,V-lok Kit 1,327,LDM1904,,83,Nano Two
682,5368975,265,V-lok Kit 1,328,LDM1905,,83,Nano Two
682,5368975,265,V-lok Kit 1,325,LDM1906,,82,Nano One
682,5368975,265,V-lok Kit 1,326,LDM1907,,82,Nano One
1955,5368932,775,Core Rack,951,LDM1917,K0629455,407,12G-AMA
1896,5368931,746,Rack Sleeve,898,LDM1920,518,59,Mini Converter Optical Fiber 12G
1896,5368931,746,Rack Sleeve,385,LDM1921,70A7417AC27C-Gdqm8O,136,USW 24
675,T16 LDM,260,Scanner,286,LDM1935,7326630,53,ATEM 2 M/E Advanced Panel
1961,5368926,777,"43"" Screen Flightcase",341,LDM1936,905MAVD4C687,94,43UK6200PLA
1144,5368840,389,Flat Screen Storage Bag,340,LDM1937,810NTVS2F399,93,24UD58-B
1957,5368927,776,Euro case Blue - Cabin,366,LDM1938,U17K4149,112,OBM-U170
1961,5368926,777,"43"" Screen Flightcase",342,LDM1941,905MAXS4C682,94,43UK6200PLA
1938,5369050,769,Rugby Rack,315,LDM1945,BLII3524,73,BRIC-Link II
1896,5368931,746,Rack Sleeve,899,LDM1994,7140411,59,Mini Converter Optical Fiber 12G
1503,5368983,684,Single Medium LCD Case,319,LDM1998,CN0KKMMW7426161P6P3LA06,77,P2414HB
1178,5368864,344,1200 Case (Yellow),1177,LDM1999,4406045140286,508,IPx2
1979,5368928,784,Euro case green - Mix Zone,1986,LDM9999,NA,789,Green Camera Bag
651,5368859,250,Lightshow Case,650,LDM-MAC,,49,Mac Mini
1253,5368922,545,TF1 Flight Case,555,LDM T16-095,BCYM01007,221,TF1 Mixing Console
950,5368871,406,WDM Media Converter Pair B,949,T16-009,2175204001442,405,MC111CS WDM Fast Ethernet Media Converter
950,5368871,406,WDM Media Converter Pair B,947,T16-015,Missing,404,MC112CS WDM Fast Ethernet Media Converter
1164,5368988,503,Pres Monitor Kit Bag,1163,T16-041,CN-036WJX-74261-SC7-07CU,77,P2414HB
279,5368801,126,Radio Mic Antenna Kit A,1165,T16-052,N/A,290,A 2003 UHF
279,5368801,126,Radio Mic Antenna Kit A,1166,T16-053,N/A,290,A 2003 UHF
945,5368896,403,WDM Media Converter Pair A,948,T16-075,2192066000622,405,MC111CS WDM Fast Ethernet Media Converter
945,5368896,403,WDM Media Converter Pair A,946,T16-076,2194766001069,404,MC112CS WDM Fast Ethernet Media Converter
1957,5368927,776,Euro case Blue - Cabin,1469,T16-083,,664,32A Turtle Distro
1957,5368927,776,Euro case Blue - Cabin,1465,T16-094,,660,32A 3 Phase Distro
